screen1,b,b,b,b,b,b,b,b,b,b,b,b,b,b,b,b,b,b,b,b,b,b,b,b,b,b,b,b,b,b,b,b,b,b,b,b,b,b,b,b,b,b,b,b,b,b,b,b,b,b,b,b,b,b,b,b,b,b,b,b,b,b,b,b,b,b,b,b,b,b,b,b,b,b,b,b,b,b,b,b,b,b,b,b,b,b,b,b,b,b,b,b,b,b,b,b,b,b,b,b,b,b,b,b,b,b,b,b,b,b,b,b,b,b,b,b,b,b,b,b,b,b,b,b,b,b,b,b,b,b,b,b,b,b,b,b,b,b,b,b,b,b,b,b,b,b,b,b,b,b,b,b,b,b,b,b,b,b,b,b,b,b,b,b,b,b,b,b,b,b,b,b,b,b,b,b,b,b,b,b,b,b,b,22,22,b,b,b,b,b,b,b,b,b,b,b,b,b,b,b,b,b,b,b,b,b,b,b,b,b,b,b,b,b,b,b,b,b,b,b,b,b,b,b,b,b,b,b,b,b,b,b,b,b,b,b,b,b,b,b,b,b,b,b,21,b,b,22,22,22,b,b,b,b,b,b,b,b,b,b,b,b,b,b,b,b,b,b,b,b,b,b,b,b,b,b,b,b,b,b,b,b,b,b,b,b,b,b,b,b,b,b,b,b,b,b,b,b,b,b,b,b,b,b,b,b,b,b,b,b,b,b,b,b,b,b,b,b,b,b,b,b,b,b,b,21,b,b,b,b,b,b,b,b,b,b,b,b,b,b,b,b,b,b,b,b,b,b,b,b,b,b,22,b,b,b,22,22,22,22,22,22,b,b,b,b,b,b,b,b,b,b,b,b,b,b,b,b,b,b,b,b,b,b,b,b,b,22,22,22,b,b,b,b,b,b,b,b,b,b,b,b,b,b,b,b,b,b,b,b,b,b,b,b,b,b,b,22,22,b,b,b,b,b,b,b,22,b,b,b,b,22,b,22,b,b,b,b,b,b,b,b,b,b,22,22,b,b,b,b,b,b,b,b,b,b,b,b,b,b,b,b,b,b,b,b,b,b,b,b,b,b,b,b,b,b,22,22,b,b,b,b,b,22,22,b,b,b,b,b,b,b,b,b,b,b,b,b,b,b,b,b,b,b,b,b,b,b,b,b,b,b,b,b,b,b,b,b,b,b,b,b,b,b,b,b,b,b,b,b,b,b,b,b,22,b,b,b,b,b,b,b,b,b,22,b,b,b,b,b,b,b,b,b,b,b,b,b,b,b,b,b,b,b,b,b,b,b,b,b,b,b,b,b,22,22,b,b,b,b,b,b,b,b,b,b,b,b,b,b,b,b,b,b,b,b,b,b,b,b,b,b,b,b,b,b,b,b,b,b,b,22,22,b,b,b,b,b,b,b,22,22,b,b,b,b,b,b,b,b,b,b,b,b,b,b,b,b,b,b,b,b,b,b,b,b,b,b,b,b,b,b,b,b,b,b,b,b,b,b,b,b,b,22,b,b,b,b,b,b,22,b,b,b,b,b,b,b,b,b,b,b,b,b,b,b,b,b,b,b,b,b,b,22,b,b,b,b,b,b,b,b,b,b,b,b,b,b,b,b,b,b,b,b,b,b,b,b,b,b,22,22,22,22,22,22,22,22,22,22,22,22,22,22,22,22,22,22,22,22,22,22,22,22,22,22,22,22,22,22,22,22,22,22,22,22,22,22,22,22,22,22,22,22,22,22,22,22,22,22,22,22,22,22,22,22,22,22,22,22,22,22,22,22,22,22,22,22,22,22,22,22,22,22,22,22,22,22,22,22,4,4,4,4,4,4,4,4,4,4,4,4,4,4,4,4,4,4,4,4,4,4,4,4,4,4,4,4,4,4,4,4,4,4,4,4,4,4,4,4,4,4,4,4,4,4,4,4,4,4,4,4,4,4,4,4,4,4,4,4,4,4,4,4,4,4,4,4,4,4,4,4,4,4,4,4,4,4,4,4

screen1bg,2,2,2,2,2,2,2,2,2,2,2,2,2,2,2,2,2,2,2,2,2,2,2,2,2,2,2,2,2,2,2,2,2,2,2,2,2,2,2,2,2,2,2,2,2,2,2,2,2,2,2,2,2,2,2,2,10,10,10,10,10,10,10,10,10,10,10,10,10,10,10,10,10,10,10,10,10,10,10,10,10,10,10,10,18,18,18,18,18,18,18,18,18,18,18,18,18,18,18,18,18,18,18,18,18,18,18,18,18,18,18,18,

screen1Enemy,648,576,slime
screen1Enemy,1908,576,slime
screen1Enemy,1872,576,slime
                                                                                                                                                                                                                                                                                                                                                                                                                                                                                   
screenConsumable,health,10,1500,650,44                                                                                                                                                                                                                                                                                                                                                                                                                                                                                             
screen1Consumable,power,dash,1080,432,67  
 
screen1Consumable,level,360,216,67  
screen1Consumable,level,2880,216,67   
screen1Consumable,level,5508,288,67  
                                                                                                                                                                                                                                                                                                                                                                                                                                                                                  
screenCheckPoint,2000,200,111       
                                                                                                                                                                                                                                                                                                                                                                                                                                                                                       
screen1Obstacle,destructable,1,936,360,26
screen1Obstacle,destructable,1,936,432,26
screen1Obstacle,destructable,1,936,504,26
screen1Obstacle,destructable,1,936,576,26
                                                                                                                                                                                                                                                                                                                                                                                                                    
screenObstacle,trap,10,2000,650,1,1,68                                                                                                                                                                                                                                                                                                                                                                                                                                                                                            
screenObstacle,barrier,800,350,1,5,54
screen1Boss,5256,0,m,540
                                                                                                                                                                                                                                                                                                                                                                                                                                                                                                                                                                                                                                                                                                             ,
/*                                                         ,
defineScreen:, tileMap                                                                                                                                                                                                                                                                                                                                                                                                                                                                                               
defineEnemy: , pos.x, pos.y, name                                                                                                                                                                                                                                                                                                                                                                                                                                                                                              
defineConsumable:, type:                                                                                                                                                                                                                                                                                                                                                                                                                                                                                               
################,######, healingAmount, pos.x, pos.y                                                                                                                        
################,######, ability, pos.x,pos.y                                                               ,
defineCheckPoint:, pos.x, pos.y                                                                                                                        
defineObstacle:, type:                                                                                                                                                                                                                                                                                                                                                                                                                                                                                               
##############,#######, strength, pos.x, pos.y                                                                                                                        
##############,#######, damage,pos.x, pos.y                                                                                                                        
##############,#######,pos.x, pos.y, scale.x, scale.y                                                                                                                                                                                                                                                                                                                                                                                                                                                                                             
*/                                                                                                                                                                                                                                                                                                                                                         ,
b,b,b,b,b,b,b,b,b,b,b,b,b,b,b,b,b,b,b,b,b,b,b,b,b,b,b,b,b,b,b,b,b,b,b,b,b,b,b,b,b,b,b,b,b,b,b,b,b,b,b,b,b,b,b,b,b,b,b,b,b,b,b,b,b,b,b,b,b,b,b,b,b,b,b,b,b,b,b,b,
b,b,b,b,b,b,b,b,b,b,b,b,b,b,b,b,b,b,b,b,b,b,b,b,b,b,b,b,b,b,b,b,b,b,b,b,b,b,b,b,b,b,b,b,b,b,b,b,b,b,b,b,b,b,b,b,b,b,b,b,b,b,b,b,b,b,b,b,b,b,b,b,b,b,b,b,b,b,b,b,
b,b,b,b,b,b,b,b,b,b,b,b,b,b,b,b,b,b,b,b,b,b,b,22,22,b,b,b,b,b,b,b,b,b,b,b,b,b,b,b,b,b,b,b,b,b,b,b,b,b,b,b,b,b,b,b,b,b,b,b,b,b,b,b,b,b,b,b,b,b,b,b,b,b,b,b,b,b,b,b,
b,b,b,b,21,b,b,22,22,22,b,b,b,b,b,b,b,b,b,b,b,b,b,b,b,b,b,b,b,b,b,b,b,b,b,b,b,b,b,b,b,b,b,b,b,b,b,b,b,b,b,b,b,b,b,b,b,b,b,b,b,b,b,b,b,b,b,b,b,b,b,b,b,b,b,b,b,b,b,b,
b,b,b,b,b,21,b,b,b,b,b,b,b,b,b,b,b,b,b,b,b,b,b,b,b,b,b,b,b,b,b,b,22,b,b,b,22,22,22,22,22,22,b,b,b,b,b,b,b,b,b,b,b,b,b,b,b,b,b,b,b,b,b,b,b,b,b,22,22,22,b,b,b,b,b,b,b,b,b,b,
b,b,b,b,b,b,b,b,b,b,b,b,b,b,b,b,b,22,22,b,b,b,b,b,b,b,22,b,b,b,b,22,b,22,b,b,b,b,b,b,b,b,b,b,22,22,b,b,b,b,b,b,b,b,b,b,b,b,b,b,b,b,b,b,b,b,b,b,b,b,b,b,b,b,b,b,22,22,b,b,
b,b,b,22,22,b,b,b,b,b,b,b,b,b,b,b,b,b,b,b,b,b,b,b,b,b,b,b,b,b,b,b,b,b,b,b,b,b,b,b,b,b,b,b,b,b,b,b,b,b,b,b,b,b,22,b,b,b,b,b,b,b,b,b,22,b,b,b,b,b,b,b,b,b,b,b,b,b,b,b,
b,b,b,b,b,b,b,b,b,b,b,b,b,b,22,22,b,b,b,b,b,b,b,b,b,b,b,b,b,b,b,b,b,b,b,b,b,b,b,b,b,b,b,b,b,b,b,b,b,b,b,22,22,b,b,b,b,b,b,b,22,22,b,b,b,b,b,b,b,b,b,b,b,b,b,b,b,b,b,b,
b,b,b,b,b,b,b,b,b,b,b,b,b,b,b,b,b,b,b,b,b,b,b,22,b,b,b,b,22,b,b,b,b,b,b,b,b,b,b,b,b,b,b,b,b,b,b,b,b,b,b,b,b,22,b,b,b,b,b,b,b,b,b,b,b,b,b,b,b,b,b,b,b,b,b,b,b,b,b,b,
2,2,2,2,2,2,2,2,2,2,2,2,2,2,2,2,2,2,2,2,2,2,2,2,2,2,2,2,2,2,2,2,2,2,2,2,2,2,2,2,2,2,2,2,2,2,2,2,2,2,2,2,2,2,2,2,2,2,2,2,2,2,2,2,2,2,2,2,2,2,2,2,2,2,2,2,2,2,2,3,
2,2,2,2,2,2,2,2,2,2,2,2,2,2,2,2,2,2,2,2,2,2,2,2,2,2,2,2,2,2,2,2,2,2,2,2,2,2,2,2,2,2,2,2,2,2,2,2,2,2,2,2,2,2,2,2,2,2,2,2,2,2,2,2,2,2,2,2,2,2,2,2,2,2,2,2,2,2,2,3                                                                                                                                                                                                                                                                                                                                                                                                                                                        
